{"v":"4.8.0","meta":{"g":"LottieFiles AE 2.0.4","a":"","k":"","d":"","tc":""},"fr":24,"ip":0,"op":82,"w":650,"h":650,"nm":"burger","ddd":0,"assets":[],"layers":[{"ddd":0,"ind":1,"ty":4,"nm":"Capa 8","parent":9,"sr":1,"ks":{"o":{"a":1,"k":[{"i":{"x":[0.667],"y":[1]},"o":{"x":[0.333],"y":[0]},"t":53,"s":[0]},{"t":60,"s":[100]}],"ix":11},"r":{"a":0,"k":0,"ix":10},"p":{"a":1,"k":[{"i":{"x":0.667,"y":1},"o":{"x":0.333,"y":0},"t":51,"s":[0,-463.573,0],"to":[0,80.096,0],"ti":[0,-80.096,0]},{"t":62,"s":[0,17,0]}],"ix":2},"a":{"a":0,"k":[0,0,0],"ix":1},"s":{"a":0,"k":[100,100,100],"ix":6}},"ao":0,"shapes":[{"ty":"gr","it":[{"ty":"gr","it":[{"ind":0,"ty":"sh","ix":1,"ks":{"a":0,"k":{"i":[[0,5.579],[6.419,0],[0,-5.579],[-6.419,0]],"o":[[0,-5.579],[-6.419,0],[0,5.579],[6.419,0]],"v":[[-119.354,-126.919],[-130.977,-137.021],[-142.6,-126.919],[-130.977,-116.816]],"c":true},"ix":2},"nm":"Path 1","mn":"ADBE Vector Shape - Group","hd":false},{"ty":"fl","c":{"a":0,"k":[0.921568632126,0.796078443527,0.627451002598,1],"ix":4},"o":{"a":0,"k":100,"ix":5},"r":1,"bm":0,"nm":"Fill 1","mn":"ADBE Vector Graphic - Fill","hd":false},{"ty":"tr","p":{"a":0,"k":[0,0],"ix":2},"a":{"a":0,"k":[0,0],"ix":1},"s":{"a":0,"k":[100,100],"ix":3},"r":{"a":0,"k":0,"ix":6},"o":{"a":0,"k":100,"ix":7},"sk":{"a":0,"k":0,"ix":4},"sa":{"a":0,"k":0,"ix":5},"nm":"Transform"}],"nm":"Group 1","np":2,"cix":2,"bm":0,"ix":1,"mn":"ADBE Vector Group","hd":false},{"ty":"gr","it":[{"ind":0,"ty":"sh","ix":1,"ks":{"a":0,"k":{"i":[[-6.419,0],[0,-5.58],[6.419,0],[0,5.58]],"o":[[6.419,0],[0,5.58],[-6.419,0],[0,-5.58]],"v":[[130.977,-149.297],[142.6,-139.194],[130.977,-129.092],[119.354,-139.194]],"c":true},"ix":2},"nm":"Path 1","mn":"ADBE Vector Shape - Group","hd":false},{"ty":"fl","c":{"a":0,"k":[0.921568632126,0.796078443527,0.627451002598,1],"ix":4},"o":{"a":0,"k":100,"ix":5},"r":1,"bm":0,"nm":"Fill 1","mn":"ADBE Vector Graphic - Fill","hd":false},{"ty":"tr","p":{"a":0,"k":[0,0],"ix":2},"a":{"a":0,"k":[0,0],"ix":1},"s":{"a":0,"k":[100,100],"ix":3},"r":{"a":0,"k":0,"ix":6},"o":{"a":0,"k":100,"ix":7},"sk":{"a":0,"k":0,"ix":4},"sa":{"a":0,"k":0,"ix":5},"nm":"Transform"}],"nm":"Group 2","np":2,"cix":2,"bm":0,"ix":2,"mn":"ADBE Vector Group","hd":false},{"ty":"gr","it":[{"ind":0,"ty":"sh","ix":1,"ks":{"a":0,"k":{"i":[[-6.419,0],[0,-5.58],[6.419,0],[0,5.58]],"o":[[6.419,0],[0,5.58],[-6.419,0],[0,-5.58]],"v":[[0,-147.124],[11.623,-137.021],[0,-126.919],[-11.623,-137.021]],"c":true},"ix":2},"nm":"Path 1","mn":"ADBE Vector Shape - Group","hd":false},{"ty":"fl","c":{"a":0,"k":[0.921568632126,0.796078443527,0.627451002598,1],"ix":4},"o":{"a":0,"k":100,"ix":5},"r":1,"bm":0,"nm":"Fill 1","mn":"ADBE Vector Graphic - Fill","hd":false},{"ty":"tr","p":{"a":0,"k":[0,0],"ix":2},"a":{"a":0,"k":[0,0],"ix":1},"s":{"a":0,"k":[100,100],"ix":3},"r":{"a":0,"k":0,"ix":6},"o":{"a":0,"k":100,"ix":7},"sk":{"a":0,"k":0,"ix":4},"sa":{"a":0,"k":0,"ix":5},"nm":"Transform"}],"nm":"Group 3","np":2,"cix":2,"bm":0,"ix":3,"mn":"ADBE Vector Group","hd":false},{"ty":"gr","it":[{"ind":0,"ty":"sh","ix":1,"ks":{"a":0,"k":{"i":[[0,5.579],[6.419,0],[0,-5.579],[-6.419,0]],"o":[[0,-5.579],[-6.419,0],[0,5.579],[6.419,0]],"v":[[91.15,-102.742],[79.527,-112.844],[67.904,-102.742],[79.527,-92.639]],"c":true},"ix":2},"nm":"Path 1","mn":"ADBE Vector Shape - Group","hd":false},{"ty":"fl","c":{"a":0,"k":[0.921568632126,0.796078443527,0.627451002598,1],"ix":4},"o":{"a":0,"k":100,"ix":5},"r":1,"bm":0,"nm":"Fill 1","mn":"ADBE Vector Graphic - Fill","hd":false},{"ty":"tr","p":{"a":0,"k":[0,0],"ix":2},"a":{"a":0,"k":[0,0],"ix":1},"s":{"a":0,"k":[100,100],"ix":3},"r":{"a":0,"k":0,"ix":6},"o":{"a":0,"k":100,"ix":7},"sk":{"a":0,"k":0,"ix":4},"sa":{"a":0,"k":0,"ix":5},"nm":"Transform"}],"nm":"Group 4","np":2,"cix":2,"bm":0,"ix":4,"mn":"ADBE Vector Group","hd":false},{"ty":"gr","it":[{"ind":0,"ty":"sh","ix":1,"ks":{"a":0,"k":{"i":[[-6.336,0.893],[-1.027,-5.507],[6.336,-0.893],[1.027,5.507]],"o":[[6.336,-0.893],[1.027,5.507],[-6.336,0.893],[-1.027,-5.507]],"v":[[-60.114,-104.895],[-46.782,-96.54],[-56.394,-84.952],[-69.726,-93.307]],"c":true},"ix":2},"nm":"Path 1","mn":"ADBE Vector Shape - Group","hd":false},{"ty":"fl","c":{"a":0,"k":[0.921568632126,0.796078443527,0.627451002598,1],"ix":4},"o":{"a":0,"k":100,"ix":5},"r":1,"bm":0,"nm":"Fill 1","mn":"ADBE Vector Graphic - Fill","hd":false},{"ty":"tr","p":{"a":0,"k":[0,0],"ix":2},"a":{"a":0,"k":[0,0],"ix":1},"s":{"a":0,"k":[100,100],"ix":3},"r":{"a":0,"k":0,"ix":6},"o":{"a":0,"k":100,"ix":7},"sk":{"a":0,"k":0,"ix":4},"sa":{"a":0,"k":0,"ix":5},"nm":"Transform"}],"nm":"Group 5","np":2,"cix":2,"bm":0,"ix":5,"mn":"ADBE Vector Group","hd":false},{"ty":"gr","it":[{"ind":0,"ty":"sh","ix":1,"ks":{"a":0,"k":{"i":[[-2.459,5.156],[-5.931,-2.137],[2.459,-5.156],[5.931,2.137]],"o":[[2.459,-5.156],[5.931,2.137],[-2.459,5.156],[-5.931,-2.137]],"v":[[-12.316,-189.362],[2.876,-194.828],[9.164,-181.624],[-6.028,-176.158]],"c":true},"ix":2},"nm":"Path 1","mn":"ADBE Vector Shape - Group","hd":false},{"ty":"fl","c":{"a":0,"k":[0.921568632126,0.796078443527,0.627451002598,1],"ix":4},"o":{"a":0,"k":100,"ix":5},"r":1,"bm":0,"nm":"Fill 1","mn":"ADBE Vector Graphic - Fill","hd":false},{"ty":"tr","p":{"a":0,"k":[0,0],"ix":2},"a":{"a":0,"k":[0,0],"ix":1},"s":{"a":0,"k":[100,100],"ix":3},"r":{"a":0,"k":0,"ix":6},"o":{"a":0,"k":100,"ix":7},"sk":{"a":0,"k":0,"ix":4},"sa":{"a":0,"k":0,"ix":5},"nm":"Transform"}],"nm":"Group 6","np":2,"cix":2,"bm":0,"ix":6,"mn":"ADBE Vector Group","hd":false},{"ty":"gr","it":[{"ind":0,"ty":"sh","ix":1,"ks":{"a":0,"k":{"i":[[0,5.579],[6.419,0],[0,-5.579],[-6.419,0]],"o":[[0,-5.579],[-6.419,0],[0,5.579],[6.42,0]],"v":[[75.721,-165.265],[64.098,-175.368],[52.475,-165.265],[64.098,-155.163]],"c":true},"ix":2},"nm":"Path 1","mn":"ADBE Vector Shape - Group","hd":false},{"ty":"fl","c":{"a":0,"k":[0.921568632126,0.796078443527,0.627451002598,1],"ix":4},"o":{"a":0,"k":100,"ix":5},"r":1,"bm":0,"nm":"Fill 1","mn":"ADBE Vector Graphic - Fill","hd":false},{"ty":"tr","p":{"a":0,"k":[0,0],"ix":2},"a":{"a":0,"k":[0,0],"ix":1},"s":{"a":0,"k":[100,100],"ix":3},"r":{"a":0,"k":0,"ix":6},"o":{"a":0,"k":100,"ix":7},"sk":{"a":0,"k":0,"ix":4},"sa":{"a":0,"k":0,"ix":5},"nm":"Transform"}],"nm":"Group 7","np":2,"cix":2,"bm":0,"ix":7,"mn":"ADBE Vector Group","hd":false},{"ty":"gr","it":[{"ind":0,"ty":"sh","ix":1,"ks":{"a":0,"k":{"i":[[0,5.579],[6.419,0],[0,-5.579],[-6.419,0]],"o":[[0,-5.579],[-6.419,0],[0,5.579],[6.419,0]],"v":[[-58.215,-161.137],[-69.838,-171.24],[-81.461,-161.137],[-69.838,-151.035]],"c":true},"ix":2},"nm":"Path 1","mn":"ADBE Vector Shape - Group","hd":false},{"ty":"fl","c":{"a":0,"k":[0.921568632126,0.796078443527,0.627451002598,1],"ix":4},"o":{"a":0,"k":100,"ix":5},"r":1,"bm":0,"nm":"Fill 1","mn":"ADBE Vector Graphic - Fill","hd":false},{"ty":"tr","p":{"a":0,"k":[0,0],"ix":2},"a":{"a":0,"k":[0,0],"ix":1},"s":{"a":0,"k":[100,100],"ix":3},"r":{"a":0,"k":0,"ix":6},"o":{"a":0,"k":100,"ix":7},"sk":{"a":0,"k":0,"ix":4},"sa":{"a":0,"k":0,"ix":5},"nm":"Transform"}],"nm":"Group 8","np":2,"cix":2,"bm":0,"ix":8,"mn":"ADBE Vector Group","hd":false},{"ty":"tr","p":{"a":0,"k":[0,0],"ix":2},"a":{"a":0,"k":[0,0],"ix":1},"s":{"a":0,"k":[100,100],"ix":3},"r":{"a":0,"k":0,"ix":6},"o":{"a":0,"k":100,"ix":7},"sk":{"a":0,"k":0,"ix":4},"sa":{"a":0,"k":0,"ix":5},"nm":"Transform"}],"nm":"Group 1","np":8,"cix":2,"bm":0,"ix":1,"mn":"ADBE Vector Group","hd":false},{"ty":"gr","it":[{"ind":0,"ty":"sh","ix":1,"ks":{"a":0,"k":{"i":[[0,0],[0,-97.431],[0,0],[-33.295,-16.708],[-84.733,42.522],[0.014,28.242],[0,0],[112.091,0]],"o":[[-112.092,0],[0,0],[-0.049,23.425],[73.382,36.826],[46.358,-23.264],[0,0],[0,-97.431],[0,0]],"v":[[4.831,-199],[-198.13,-22.586],[-198.075,9.553],[-148.593,72.06],[137.7,61.745],[207.737,-19.548],[207.79,-22.586],[4.831,-199]],"c":true},"ix":2},"nm":"Path 1","mn":"ADBE Vector Shape - Group","hd":false},{"ty":"fl","c":{"a":0,"k":[0.917647063732,0.592156887054,0.235294118524,1],"ix":4},"o":{"a":0,"k":100,"ix":5},"r":1,"bm":0,"nm":"Fill 1","mn":"ADBE Vector Graphic - Fill","hd":false},{"ty":"tr","p":{"a":0,"k":[0,0],"ix":2},"a":{"a":0,"k":[0,0],"ix":1},"s":{"a":0,"k":[100,100],"ix":3},"r":{"a":0,"k":0,"ix":6},"o":{"a":0,"k":100,"ix":7},"sk":{"a":0,"k":0,"ix":4},"sa":{"a":0,"k":0,"ix":5},"nm":"Transform"}],"nm":"Group 2","np":2,"cix":2,"bm":0,"ix":2,"mn":"ADBE Vector Group","hd":false}],"ip":51,"op":80,"st":51,"bm":0},{"ddd":0,"ind":2,"ty":4,"nm":"Capa 7","parent":9,"sr":1,"ks":{"o":{"a":1,"k":[{"i":{"x":[0.667],"y":[1]},"o":{"x":[0.333],"y":[0]},"t":48,"s":[0]},{"t":55,"s":[100]}],"ix":11},"r":{"a":0,"k":0,"ix":10},"p":{"a":1,"k":[{"i":{"x":0.667,"y":1},"o":{"x":0.333,"y":0},"t":46,"s":[0,-463.573,0],"to":[-13.181,89.112,0],"ti":[13.181,-89.112,0]},{"t":58,"s":[-79.086,71.1,0]}],"ix":2},"a":{"a":0,"k":[245.914,396.1,0],"ix":1},"s":{"a":0,"k":[100,100,100],"ix":6}},"ao":0,"shapes":[{"ty":"gr","it":[{"ind":0,"ty":"sh","ix":1,"ks":{"a":0,"k":{"i":[[-37.179,21.464],[32.197,18.589],[37.179,-21.465],[-32.197,-18.589]],"o":[[37.178,-21.465],[-32.197,-18.589],[-37.178,21.465],[32.197,18.589]],"v":[[58.298,33.659],[67.317,-38.865],[-58.299,-33.658],[-67.318,38.866]],"c":true},"ix":2},"nm":"Path 1","mn":"ADBE Vector Shape - Group","hd":false},{"ty":"fl","c":{"a":0,"k":[0.831372559071,0.223529413342,0.274509817362,1],"ix":4},"o":{"a":0,"k":100,"ix":5},"r":1,"bm":0,"nm":"Fill 1","mn":"ADBE Vector Graphic - Fill","hd":false},{"ty":"tr","p":{"a":0,"k":[245.914,385.597],"ix":2},"a":{"a":0,"k":[0,0],"ix":1},"s":{"a":0,"k":[100,100],"ix":3},"r":{"a":0,"k":0,"ix":6},"o":{"a":0,"k":100,"ix":7},"sk":{"a":0,"k":0,"ix":4},"sa":{"a":0,"k":0,"ix":5},"nm":"Transform"}],"nm":"Group 1","np":2,"cix":2,"bm":0,"ix":1,"mn":"ADBE Vector Group","hd":false},{"ty":"gr","it":[{"ind":0,"ty":"sh","ix":1,"ks":{"a":0,"k":{"i":[[0,0],[0,0],[0,0],[0,0],[-14.609,-8.434],[-37.179,21.465],[0.006,14.257],[0,0]],"o":[[0,0],[0,0],[0,0],[-0.021,11.825],[32.197,18.589],[20.34,-11.743],[0,0],[0,0]],"v":[[89.052,-39.893],[-89.052,-25.068],[-89.052,-4.207],[-89.028,-4.209],[-67.317,27.344],[58.299,22.137],[89.029,-18.899],[89.052,-18.901]],"c":true},"ix":2},"nm":"Path 1","mn":"ADBE Vector Shape - Group","hd":false},{"ty":"fl","c":{"a":0,"k":[0.901960790157,0.35686275363,0.403921574354,1],"ix":4},"o":{"a":0,"k":100,"ix":5},"r":1,"bm":0,"nm":"Fill 1","mn":"ADBE Vector Graphic - Fill","hd":false},{"ty":"tr","p":{"a":0,"k":[245.913,418.125],"ix":2},"a":{"a":0,"k":[0,0],"ix":1},"s":{"a":0,"k":[100,100],"ix":3},"r":{"a":0,"k":0,"ix":6},"o":{"a":0,"k":100,"ix":7},"sk":{"a":0,"k":0,"ix":4},"sa":{"a":0,"k":0,"ix":5},"nm":"Transform"}],"nm":"Group 2","np":2,"cix":2,"bm":0,"ix":2,"mn":"ADBE Vector Group","hd":false}],"ip":46,"op":83,"st":46,"bm":0},{"ddd":0,"ind":3,"ty":4,"nm":"Capa 6","parent":9,"sr":1,"ks":{"o":{"a":1,"k":[{"i":{"x":[0.667],"y":[1]},"o":{"x":[0.333],"y":[0]},"t":44,"s":[0]},{"t":51,"s":[100]}],"ix":11},"r":{"a":0,"k":0,"ix":10},"p":{"a":1,"k":[{"i":{"x":0.667,"y":1},"o":{"x":0.333,"y":0},"t":42,"s":[0,-463.573,0],"to":[16.503,86.134,0],"ti":[-16.503,-86.134,0]},{"t":54,"s":[99.018,53.231,0]}],"ix":2},"a":{"a":0,"k":[424.018,378.231,0],"ix":1},"s":{"a":0,"k":[100,100,100],"ix":6}},"ao":0,"shapes":[{"ty":"gr","it":[{"ind":0,"ty":"sh","ix":1,"ks":{"a":0,"k":{"i":[[-37.178,21.465],[32.197,18.589],[37.179,-21.465],[-32.197,-18.589]],"o":[[37.178,-21.465],[-32.197,-18.589],[-37.178,21.465],[32.198,18.589]],"v":[[58.298,33.659],[67.318,-38.865],[-58.298,-33.658],[-67.318,38.866]],"c":true},"ix":2},"nm":"Path 1","mn":"ADBE Vector Shape - Group","hd":false},{"ty":"fl","c":{"a":0,"k":[0.831372559071,0.223529413342,0.274509817362,1],"ix":4},"o":{"a":0,"k":100,"ix":5},"r":1,"bm":0,"nm":"Fill 1","mn":"ADBE Vector Graphic - Fill","hd":false},{"ty":"tr","p":{"a":0,"k":[424.018,367.728],"ix":2},"a":{"a":0,"k":[0,0],"ix":1},"s":{"a":0,"k":[100,100],"ix":3},"r":{"a":0,"k":0,"ix":6},"o":{"a":0,"k":100,"ix":7},"sk":{"a":0,"k":0,"ix":4},"sa":{"a":0,"k":0,"ix":5},"nm":"Transform"}],"nm":"Group 1","np":2,"cix":2,"bm":0,"ix":1,"mn":"ADBE Vector Group","hd":false},{"ty":"gr","it":[{"ind":0,"ty":"sh","ix":1,"ks":{"a":0,"k":{"i":[[0,0],[0,0],[0,0],[0,0],[-14.609,-8.434],[-37.178,21.465],[0.006,14.257],[0,0]],"o":[[0,0],[0,0],[0,0],[-0.021,11.825],[32.198,18.589],[20.34,-11.743],[0,0],[0,0]],"v":[[89.052,-39.893],[-89.052,-25.068],[-89.052,-4.208],[-89.028,-4.21],[-67.317,27.343],[58.299,22.136],[89.029,-18.9],[89.052,-18.902]],"c":true},"ix":2},"nm":"Path 1","mn":"ADBE Vector Shape - Group","hd":false},{"ty":"fl","c":{"a":0,"k":[0.901960790157,0.35686275363,0.403921574354,1],"ix":4},"o":{"a":0,"k":100,"ix":5},"r":1,"bm":0,"nm":"Fill 1","mn":"ADBE Vector Graphic - Fill","hd":false},{"ty":"tr","p":{"a":0,"k":[424.018,400.257],"ix":2},"a":{"a":0,"k":[0,0],"ix":1},"s":{"a":0,"k":[100,100],"ix":3},"r":{"a":0,"k":0,"ix":6},"o":{"a":0,"k":100,"ix":7},"sk":{"a":0,"k":0,"ix":4},"sa":{"a":0,"k":0,"ix":5},"nm":"Transform"}],"nm":"Group 2","np":2,"cix":2,"bm":0,"ix":2,"mn":"ADBE Vector Group","hd":false}],"ip":42,"op":82,"st":42,"bm":0},{"ddd":0,"ind":4,"ty":4,"nm":"Capa 5","parent":9,"sr":1,"ks":{"o":{"a":1,"k":[{"i":{"x":[0.667],"y":[1]},"o":{"x":[0.333],"y":[0]},"t":41,"s":[0]},{"t":48,"s":[100]}],"ix":11},"r":{"a":0,"k":0,"ix":10},"p":{"a":1,"k":[{"i":{"x":0.667,"y":1},"o":{"x":0.333,"y":0},"t":38,"s":[4.806,-463.573,0],"to":[0,74.838,0],"ti":[0,-74.838,0]},{"t":50,"s":[4.806,-14.543,0]}],"ix":2},"a":{"a":0,"k":[0,0,0],"ix":1},"s":{"a":0,"k":[100,100,100],"ix":6}},"ao":0,"shapes":[{"ty":"gr","it":[{"ind":0,"ty":"sh","ix":1,"ks":{"a":0,"k":{"i":[[0,0],[26.41,15.248],[0,0],[44.632,-17.412],[0,0],[7.027,-4.82],[-20.349,-32.679],[-9.307,-5.374],[0,0],[-18.789,-14.06],[-63.576,35.308],[-3.753,2.166],[0,0],[-1.257,29.675]],"o":[[-21.737,-21.173],[0,0],[-47.704,-2.613],[0,0],[-7.406,4.276],[-36.591,33.306],[10.271,2.446],[0,0],[20.375,11.764],[69.86,14.161],[3.702,-2.246],[0,0],[39.736,-25.162],[0,0]],"v":[[202.928,-13.952],[130.461,-68.834],[47.598,-116.675],[-96.034,-94.262],[-145.475,-65.718],[-167.12,-52.052],[-192.237,53.085],[-162.705,64.828],[-149.481,72.463],[-90.7,111.256],[129.351,78.713],[140.525,72.081],[140.999,71.807],[202.928,-13.952]],"c":true},"ix":2},"nm":"Path 1","mn":"ADBE Vector Shape - Group","hd":false},{"ty":"fl","c":{"a":0,"k":[0.854901969433,0.549019634724,0.243137255311,1],"ix":4},"o":{"a":0,"k":100,"ix":5},"r":1,"bm":0,"nm":"Fill 1","mn":"ADBE Vector Graphic - Fill","hd":false},{"ty":"tr","p":{"a":0,"k":[0,0],"ix":2},"a":{"a":0,"k":[0,0],"ix":1},"s":{"a":0,"k":[100,100],"ix":3},"r":{"a":0,"k":0,"ix":6},"o":{"a":0,"k":100,"ix":7},"sk":{"a":0,"k":0,"ix":4},"sa":{"a":0,"k":0,"ix":5},"nm":"Transform"}],"nm":"Group 1","np":2,"cix":2,"bm":0,"ix":1,"mn":"ADBE Vector Group","hd":false}],"ip":38,"op":82,"st":38,"bm":0},{"ddd":0,"ind":5,"ty":4,"nm":"Capa 4","parent":9,"sr":1,"ks":{"o":{"a":1,"k":[{"i":{"x":[0.667],"y":[1]},"o":{"x":[0.333],"y":[0]},"t":33,"s":[0]},{"t":40,"s":[100]}],"ix":11},"r":{"a":0,"k":0,"ix":10},"p":{"a":1,"k":[{"i":{"x":0.667,"y":1},"o":{"x":0.333,"y":0},"t":30,"s":[-0.001,-463.573,0],"to":[0,79.422,0],"ti":[0,-79.422,0]},{"t":42,"s":[-0.001,12.961,0]}],"ix":2},"a":{"a":0,"k":[324.999,337.961,0],"ix":1},"s":{"a":0,"k":[100,100,100],"ix":6}},"ao":0,"shapes":[{"ty":"gr","it":[{"ind":0,"ty":"sh","ix":1,"ks":{"a":0,"k":{"i":[[0,0],[0,0],[27.704,-39.934],[-0.072,-4.015],[-5.235,1.373],[-25.106,-14.494],[0,0],[-39.436,-41.708],[-5.566,5.872],[-49.932,28.829],[0,0],[-30.018,-5.371],[0,0],[-1.277,3.458],[4.658,6.411],[43.38,25.045],[0,0],[6.333,-3.656]],"o":[[0,0],[-42.092,24.302],[-3.266,5.21],[0.097,5.411],[28.041,-7.356],[0,0],[49.71,28.7],[5.559,5.879],[39.664,-41.845],[0,0],[26.409,-15.247],[0,0],[3.628,0.649],[1.614,-4.372],[-29.859,-40.218],[0,0],[-6.332,-3.655],[0,0]],"v":[[-10.235,-160.664],[-140.669,-85.358],[-246.659,12.189],[-251.521,26.217],[-240.854,34.045],[-157.897,45.187],[-144.673,52.822],[-10.247,158.993],[10.232,159.006],[145.332,52.439],[154.764,46.993],[242.141,31.699],[242.256,31.72],[250.909,27.02],[246.293,10.458],[135.268,-88.476],[10.232,-160.665],[-10.235,-160.664]],"c":true},"ix":2},"nm":"Path 1","mn":"ADBE Vector Shape - Group","hd":false},{"ty":"fl","c":{"a":0,"k":[0.980392158031,0.843137264252,0.243137255311,1],"ix":4},"o":{"a":0,"k":100,"ix":5},"r":1,"bm":0,"nm":"Fill 1","mn":"ADBE Vector Graphic - Fill","hd":false},{"ty":"tr","p":{"a":0,"k":[324.999,331.981],"ix":2},"a":{"a":0,"k":[0,0],"ix":1},"s":{"a":0,"k":[100,100],"ix":3},"r":{"a":0,"k":0,"ix":6},"o":{"a":0,"k":100,"ix":7},"sk":{"a":0,"k":0,"ix":4},"sa":{"a":0,"k":0,"ix":5},"nm":"Transform"}],"nm":"Group 1","np":2,"cix":2,"bm":0,"ix":1,"mn":"ADBE Vector Group","hd":false},{"ty":"gr","it":[{"ind":0,"ty":"sh","ix":1,"ks":{"a":0,"k":{"i":[[0,0],[0,0],[0,0],[0,0],[0,0],[0,0],[-5.294,1.389],[0,0],[-25.105,-14.495],[0,0],[-39.444,-41.717],[-5.559,5.865],[0,0],[-49.932,28.828],[0,0],[-30.018,-5.371],[-1.398,3.244],[0.028,1.545]],"o":[[0,0],[0,0],[0,0],[0,0],[0,0],[0.007,5.473],[0,0],[28.04,-7.356],[0,0],[49.72,28.706],[5.552,5.872],[0,0],[39.664,-41.845],[0,0],[26.409,-15.247],[3.476,0.622],[0.619,-1.436],[0,0]],"v":[[251.51,-59.748],[251.521,-59.748],[251.521,-71.502],[-198.109,-80.82],[-251.521,-68.48],[-251.521,-56.573],[-241.042,-48.5],[-240.853,-48.55],[-157.896,-37.407],[-144.688,-29.781],[-10.233,76.412],[10.221,76.425],[10.233,76.412],[145.333,-30.154],[154.766,-35.6],[242.142,-50.894],[250.624,-55.217],[251.51,-59.748]],"c":true},"ix":2},"nm":"Path 1","mn":"ADBE Vector Shape - Group","hd":false},{"ty":"fl","c":{"a":0,"k":[1,0.647058844566,0.219607844949,1],"ix":4},"o":{"a":0,"k":100,"ix":5},"r":1,"bm":0,"nm":"Fill 1","mn":"ADBE Vector Graphic - Fill","hd":false},{"ty":"tr","p":{"a":0,"k":[324.999,426.529],"ix":2},"a":{"a":0,"k":[0,0],"ix":1},"s":{"a":0,"k":[100,100],"ix":3},"r":{"a":0,"k":0,"ix":6},"o":{"a":0,"k":100,"ix":7},"sk":{"a":0,"k":0,"ix":4},"sa":{"a":0,"k":0,"ix":5},"nm":"Transform"}],"nm":"Group 2","np":2,"cix":2,"bm":0,"ix":2,"mn":"ADBE Vector Group","hd":false}],"ip":30,"op":82,"st":30,"bm":0},{"ddd":0,"ind":6,"ty":4,"nm":"Capa 3","parent":9,"sr":1,"ks":{"o":{"a":1,"k":[{"i":{"x":[0.667],"y":[1]},"o":{"x":[0.333],"y":[0]},"t":25,"s":[0]},{"t":32,"s":[100]}],"ix":11},"r":{"a":0,"k":0,"ix":10},"p":{"a":1,"k":[{"i":{"x":0.667,"y":1},"o":{"x":0.333,"y":0},"t":22,"s":[4.831,-463.573,0],"to":[0,80.513,0],"ti":[0,-80.513,0]},{"t":37,"s":[4.831,19.502,0]}],"ix":2},"a":{"a":0,"k":[329.831,344.502,0],"ix":1},"s":{"a":0,"k":[100,100,100],"ix":6}},"ao":0,"shapes":[{"ty":"gr","it":[{"ind":0,"ty":"sh","ix":1,"ks":{"a":0,"k":{"i":[[-80.171,46.287],[69.43,40.085],[80.172,-46.286],[-69.431,-40.085]],"o":[[80.171,-46.287],[-69.43,-40.085],[-80.171,46.287],[69.43,40.086]],"v":[[125.715,72.581],[145.163,-83.81],[-125.715,-72.582],[-145.163,83.809]],"c":true},"ix":2},"nm":"Path 1","mn":"ADBE Vector Shape - Group","hd":false},{"ty":"fl","c":{"a":0,"k":[0.364705890417,0.211764708161,0.270588248968,1],"ix":4},"o":{"a":0,"k":100,"ix":5},"r":1,"bm":0,"nm":"Fill 1","mn":"ADBE Vector Graphic - Fill","hd":false},{"ty":"tr","p":{"a":0,"k":[329.831,306.759],"ix":2},"a":{"a":0,"k":[0,0],"ix":1},"s":{"a":0,"k":[100,100],"ix":3},"r":{"a":0,"k":0,"ix":6},"o":{"a":0,"k":100,"ix":7},"sk":{"a":0,"k":0,"ix":4},"sa":{"a":0,"k":0,"ix":5},"nm":"Transform"}],"nm":"Group 1","np":2,"cix":2,"bm":0,"ix":1,"mn":"ADBE Vector Group","hd":false},{"ty":"gr","it":[{"ind":0,"ty":"sh","ix":1,"ks":{"a":0,"k":{"i":[[0,0],[0,0],[0,0],[0,0],[-31.501,-18.187],[-80.171,46.287],[0.013,30.742],[0,0]],"o":[[0,0],[0,0],[0,0],[-0.046,25.499],[69.431,40.086],[43.862,-25.324],[0,0],[0,0]],"v":[[192.032,-101.12],[-192.032,-69.15],[-192.032,6.021],[-191.98,6.017],[-145.163,74.057],[125.715,62.829],[191.981,-25.66],[192.032,-25.664]],"c":true},"ix":2},"nm":"Path 1","mn":"ADBE Vector Shape - Group","hd":false},{"ty":"fl","c":{"a":0,"k":[0.537254929543,0.360784322023,0.43137255311,1],"ix":4},"o":{"a":0,"k":100,"ix":5},"r":1,"bm":0,"nm":"Fill 1","mn":"ADBE Vector Graphic - Fill","hd":false},{"ty":"tr","p":{"a":0,"k":[329.83,391.996],"ix":2},"a":{"a":0,"k":[0,0],"ix":1},"s":{"a":0,"k":[100,100],"ix":3},"r":{"a":0,"k":0,"ix":6},"o":{"a":0,"k":100,"ix":7},"sk":{"a":0,"k":0,"ix":4},"sa":{"a":0,"k":0,"ix":5},"nm":"Transform"}],"nm":"Group 2","np":2,"cix":2,"bm":0,"ix":2,"mn":"ADBE Vector Group","hd":false}],"ip":22,"op":82,"st":22,"bm":0},{"ddd":0,"ind":7,"ty":4,"nm":"Capa 2","parent":9,"sr":1,"ks":{"o":{"a":1,"k":[{"i":{"x":[0.667],"y":[1]},"o":{"x":[0.333],"y":[0]},"t":20,"s":[0]},{"t":27,"s":[100]}],"ix":11},"r":{"a":0,"k":0,"ix":10},"p":{"a":1,"k":[{"i":{"x":0.667,"y":1},"o":{"x":0.333,"y":0},"t":16,"s":[1.471,-463.574,0],"to":[0,92.833,0],"ti":[0,-92.833,0]},{"t":31,"s":[1.471,93.426,0]}],"ix":2},"a":{"a":0,"k":[326.471,418.426,0],"ix":1},"s":{"a":0,"k":[100,100,100],"ix":6}},"ao":0,"shapes":[{"ty":"gr","it":[{"ty":"gr","it":[{"ind":0,"ty":"sh","ix":1,"ks":{"a":0,"k":{"i":[[-4.418,0],[0,2.502],[0,0],[4.418,0],[0,-2.502],[0,0]],"o":[[4.418,0],[0,0],[0,-2.502],[-4.418,0],[0,0],[0,2.502]],"v":[[0,99.647],[8,95.118],[8,-95.118],[0,-99.647],[-8,-95.118],[-8,95.118]],"c":true},"ix":2},"nm":"Path 1","mn":"ADBE Vector Shape - Group","hd":false},{"ty":"fl","c":{"a":0,"k":[0.784313738346,0.976470589638,0.498039215803,1],"ix":4},"o":{"a":0,"k":100,"ix":5},"r":1,"bm":0,"nm":"Fill 1","mn":"ADBE Vector Graphic - Fill","hd":false},{"ty":"tr","p":{"a":0,"k":[326.47,413.894],"ix":2},"a":{"a":0,"k":[0,0],"ix":1},"s":{"a":0,"k":[100,100],"ix":3},"r":{"a":0,"k":0,"ix":6},"o":{"a":0,"k":100,"ix":7},"sk":{"a":0,"k":0,"ix":4},"sa":{"a":0,"k":0,"ix":5},"nm":"Transform"}],"nm":"Group 1","np":2,"cix":2,"bm":0,"ix":1,"mn":"ADBE Vector Group","hd":false},{"ty":"gr","it":[{"ind":0,"ty":"sh","ix":1,"ks":{"a":0,"k":{"i":[[0,0],[-1.217,0.981],[3.615,1.437],[0,0],[0,0],[-2.536,-2.047],[-3.616,1.436],[0,0],[0,0],[-2.092,0.209]],"o":[[2.085,-0.208],[2.536,-2.047],[0,0],[0,0],[-3.615,1.437],[2.538,2.047],[0,0],[0,0],[1.739,0.691],[0,0]],"v":[[81.389,20.812],[86.545,18.954],[84.592,12.647],[0,-20.881],[-84.592,12.647],[-86.545,18.954],[-75.404,20.06],[0.002,-9.824],[75.408,20.06],[81.393,20.812]],"c":true},"ix":2},"nm":"Path 1","mn":"ADBE Vector Shape - Group","hd":false},{"ty":"fl","c":{"a":0,"k":[0.784313738346,0.976470589638,0.498039215803,1],"ix":4},"o":{"a":0,"k":100,"ix":5},"r":1,"bm":0,"nm":"Fill 1","mn":"ADBE Vector Graphic - Fill","hd":false},{"ty":"tr","p":{"a":0,"k":[326.474,361.304],"ix":2},"a":{"a":0,"k":[0,0],"ix":1},"s":{"a":0,"k":[100,100],"ix":3},"r":{"a":0,"k":0,"ix":6},"o":{"a":0,"k":100,"ix":7},"sk":{"a":0,"k":0,"ix":4},"sa":{"a":0,"k":0,"ix":5},"nm":"Transform"}],"nm":"Group 2","np":2,"cix":2,"bm":0,"ix":2,"mn":"ADBE Vector Group","hd":false},{"ty":"gr","it":[{"ind":0,"ty":"sh","ix":1,"ks":{"a":0,"k":{"i":[[0,0],[-1.217,0.981],[3.615,1.437],[0,0],[0,0],[-2.536,-2.047],[-3.616,1.436],[0,0],[0,0],[-2.092,0.209]],"o":[[2.085,-0.208],[2.536,-2.047],[0,0],[0,0],[-3.615,1.437],[2.538,2.047],[0,0],[0,0],[1.739,0.691],[0,0]],"v":[[81.389,20.812],[86.545,18.954],[84.592,12.647],[0,-20.881],[-84.592,12.647],[-86.545,18.954],[-75.404,20.06],[0.002,-9.824],[75.408,20.06],[81.393,20.812]],"c":true},"ix":2},"nm":"Path 1","mn":"ADBE Vector Shape - Group","hd":false},{"ty":"fl","c":{"a":0,"k":[0.784313738346,0.976470589638,0.498039215803,1],"ix":4},"o":{"a":0,"k":100,"ix":5},"r":1,"bm":0,"nm":"Fill 1","mn":"ADBE Vector Graphic - Fill","hd":false},{"ty":"tr","p":{"a":0,"k":[326.474,433.774],"ix":2},"a":{"a":0,"k":[0,0],"ix":1},"s":{"a":0,"k":[100,100],"ix":3},"r":{"a":0,"k":0,"ix":6},"o":{"a":0,"k":100,"ix":7},"sk":{"a":0,"k":0,"ix":4},"sa":{"a":0,"k":0,"ix":5},"nm":"Transform"}],"nm":"Group 3","np":2,"cix":2,"bm":0,"ix":3,"mn":"ADBE Vector Group","hd":false},{"ty":"tr","p":{"a":0,"k":[326.474,433.774],"ix":2},"a":{"a":0,"k":[326.474,433.774],"ix":1},"s":{"a":0,"k":[100,100],"ix":3},"r":{"a":0,"k":0,"ix":6},"o":{"a":0,"k":100,"ix":7},"sk":{"a":0,"k":0,"ix":4},"sa":{"a":0,"k":0,"ix":5},"nm":"Transform"}],"nm":"Group 1","np":3,"cix":2,"bm":0,"ix":1,"mn":"ADBE Vector Group","hd":false},{"ty":"gr","it":[{"ind":0,"ty":"sh","ix":1,"ks":{"a":0,"k":{"i":[[0,0],[0,27.464],[0.973,2.964],[-6.971,1.497],[-6.032,12.705],[0,0.003],[15.883,11.006],[-0.186,1.138],[-3.076,1.416],[7.675,16.337],[0.005,0.003],[35.06,4.634],[3.253,10.128],[0,0],[17.714,0],[3.17,-9.866],[0,0],[19.113,-2.526],[8.518,-17.994],[0.005,-0.003],[-25.767,-11.886],[-0.187,-1.143],[2.538,-1.762],[-6.016,-12.712],[-23.498,-5.044],[1.391,-4.237],[0,-3.117],[-48.514,0]],"o":[[48.514,0],[0,-3.117],[-1.392,-4.236],[23.498,-5.044],[0,-0.003],[5.975,-12.71],[-2.541,-1.761],[0.186,-1.138],[25.818,-11.886],[-0.005,-0.003],[-8.518,-17.994],[-19.113,-2.526],[0,0],[-3.169,-9.866],[-17.714,0],[0,0],[-3.253,10.128],[-35.06,4.634],[-0.005,0.003],[-7.664,16.321],[3.073,1.417],[0.187,1.143],[-15.874,11.018],[6.032,12.705],[6.971,1.497],[-0.973,2.963],[0,27.464],[0,0]],"v":[[-0.001,135.879],[88.015,86.056],[86.531,76.917],[94.531,68.61],[141.813,40.956],[141.813,40.947],[125.265,3.633],[122.312,-0.649],[126.562,-4.426],[157.828,-50.01],[157.812,-50.019],[82.265,-83.344],[40.578,-105.062],[36.172,-118.792],[0,-135.883],[-36.173,-118.792],[-40.579,-105.062],[-82.266,-83.344],[-157.813,-50.019],[-157.829,-50.01],[-126.642,-4.458],[-122.392,-0.672],[-125.345,3.619],[-141.814,40.96],[-94.532,68.614],[-86.532,76.921],[-88.016,86.059],[0,135.883]],"c":true},"ix":2},"nm":"Path 1","mn":"ADBE Vector Shape - Group","hd":false},{"ty":"fl","c":{"a":0,"k":[0.654901981354,0.964705884457,0.20000000298,1],"ix":4},"o":{"a":0,"k":100,"ix":5},"r":1,"bm":0,"nm":"Fill 1","mn":"ADBE Vector Graphic - Fill","hd":false},{"ty":"tr","p":{"a":0,"k":[326.471,418.426],"ix":2},"a":{"a":0,"k":[0,0],"ix":1},"s":{"a":0,"k":[100,100],"ix":3},"r":{"a":0,"k":0,"ix":6},"o":{"a":0,"k":100,"ix":7},"sk":{"a":0,"k":0,"ix":4},"sa":{"a":0,"k":0,"ix":5},"nm":"Transform"}],"nm":"Group 2","np":2,"cix":2,"bm":0,"ix":2,"mn":"ADBE Vector Group","hd":false},{"ty":"gr","it":[{"ind":0,"ty":"sh","ix":1,"ks":{"a":0,"k":{"i":[[0,0],[-1.626,0.773],[2.833,1.918],[0,0],[0,0],[-1.517,-2.35],[-0.001,-0.001],[-4.146,0.855],[0,0],[0,0],[-2.111,-0.106]],"o":[[2.115,0.105],[3.386,-1.605],[0,0],[0,0],[-4.15,0.859],[0.001,0.001],[1.518,2.346],[0,0],[0,0],[1.361,0.919],[0,0]],"v":[[68.439,23.895],[74.283,22.851],[75.283,16.472],[15.517,-23.912],[-71.891,-5.856],[-76.658,-0.047],[-76.656,-0.044],[-66.407,2.654],[10.469,-13.217],[63.016,22.293],[68.438,23.894]],"c":true},"ix":2},"nm":"Path 1","mn":"ADBE Vector Shape - Group","hd":false},{"ty":"fl","c":{"a":0,"k":[0.784313738346,0.976470589638,0.498039215803,1],"ix":4},"o":{"a":0,"k":100,"ix":5},"r":1,"bm":0,"nm":"Fill 1","mn":"ADBE Vector Graphic - Fill","hd":false},{"ty":"tr","p":{"a":0,"k":[213.671,426.031],"ix":2},"a":{"a":0,"k":[0,0],"ix":1},"s":{"a":0,"k":[100,100],"ix":3},"r":{"a":0,"k":0,"ix":6},"o":{"a":0,"k":100,"ix":7},"sk":{"a":0,"k":0,"ix":4},"sa":{"a":0,"k":0,"ix":5},"nm":"Transform"}],"nm":"Group 3","np":2,"cix":2,"bm":0,"ix":3,"mn":"ADBE Vector Group","hd":false},{"ty":"gr","it":[{"ind":0,"ty":"sh","ix":1,"ks":{"a":0,"k":{"i":[[0,0],[-1.144,2.416],[0,0],[4.267,0.648],[1.144,-2.416],[0,0],[-4.266,-0.652],[-0.006,-0.001]],"o":[[4.267,0.647],[0,0],[1.143,-2.416],[-4.267,-0.647],[0,0],[-1.151,2.415],[0.006,0.001],[0,0]],"v":[[-32.185,68.022],[-22.389,64.819],[37.846,-62.475],[32.189,-68.022],[22.393,-64.819],[-37.842,62.466],[-32.203,68.019],[-32.185,68.022]],"c":true},"ix":2},"nm":"Path 1","mn":"ADBE Vector Shape - Group","hd":false},{"ty":"fl","c":{"a":0,"k":[0.784313738346,0.976470589638,0.498039215803,1],"ix":4},"o":{"a":0,"k":100,"ix":5},"r":1,"bm":0,"nm":"Fill 1","mn":"ADBE Vector Graphic - Fill","hd":false},{"ty":"tr","p":{"a":0,"k":[219.656,422.27],"ix":2},"a":{"a":0,"k":[0,0],"ix":1},"s":{"a":0,"k":[100,100],"ix":3},"r":{"a":0,"k":0,"ix":6},"o":{"a":0,"k":100,"ix":7},"sk":{"a":0,"k":0,"ix":4},"sa":{"a":0,"k":0,"ix":5},"nm":"Transform"}],"nm":"Group 4","np":2,"cix":2,"bm":0,"ix":4,"mn":"ADBE Vector Group","hd":false},{"ty":"gr","it":[{"ind":0,"ty":"sh","ix":1,"ks":{"a":0,"k":{"i":[[0,0],[-2.56,0.204],[-8.526,18.017],[-0.377,2.722],[-6.282,0.361],[-10.567,10.355],[0,0.003],[9.306,11.726],[-0.543,0.832],[-3.08,0.783],[-0.063,15.367],[0,0.003],[28.561,8.658],[-1.303,8.947],[0,0],[15.705,2.382],[6.949,-8.327],[0,0],[17.25,0.313],[14.958,-14.682],[0.005,-0.003],[-17.55,-13.788],[0.266,-0.879],[2.781,-1.138],[0.01,-11.963],[-18.424,-7.524],[2.799,-3.32],[1.29,-2.726],[-42.378,-6.427],[-7.821,0.183]],"o":[[2.607,-0.061],[30.722,-2.447],[1.29,-2.726],[0.508,-3.667],[22.599,-1.3],[0,-0.003],[10.52,-10.367],[-1.406,-1.772],[0.543,-0.832],[27.419,-6.967],[0,-0.003],[0.012,-16.95],[-15.215,-4.612],[0,0],[1.336,-9.179],[-15.705,-2.383],[0,0],[-6.774,8.118],[-32.379,-0.588],[-0.005,0.003],[-13.5,13.312],[1.973,1.55],[-0.266,0.879],[-18.412,7.532],[0.006,11.959],[5.121,2.091],[-2.077,2.464],[-11.369,24.023],[7.946,1.205],[0,0]],"v":[[-40.907,119.176],[-33.157,118.778],[32.843,85.745],[35.328,77.553],[44.906,71.838],[97.75,53.853],[97.75,53.844],[98.781,18.945],[98,15.203],[102.781,12.743],[148.969,-23.05],[148.969,-23.058],[96.89,-62.24],[70.203,-86.054],[72.016,-98.528],[47.125,-118.565],[7.891,-108.259],[-1.547,-96.944],[-45.703,-83.869],[-125.406,-64.681],[-125.422,-64.673],[-117.078,-20.644],[-115.109,-17.149],[-119.093,-14.124],[-148.969,16.423],[-119.093,46.961],[-115.843,54.622],[-120.922,62.416],[-64.672,117.679],[-40.906,119.174]],"c":true},"ix":2},"nm":"Path 1","mn":"ADBE Vector Shape - Group","hd":false},{"ty":"fl","c":{"a":0,"k":[0.568627476692,0.956862747669,0,1],"ix":4},"o":{"a":0,"k":100,"ix":5},"r":1,"bm":0,"nm":"Fill 1","mn":"ADBE Vector Graphic - Fill","hd":false},{"ty":"tr","p":{"a":0,"k":[235.441,407.909],"ix":2},"a":{"a":0,"k":[0,0],"ix":1},"s":{"a":0,"k":[100,100],"ix":3},"r":{"a":0,"k":0,"ix":6},"o":{"a":0,"k":100,"ix":7},"sk":{"a":0,"k":0,"ix":4},"sa":{"a":0,"k":0,"ix":5},"nm":"Transform"}],"nm":"Group 5","np":2,"cix":2,"bm":0,"ix":5,"mn":"ADBE Vector Group","hd":false},{"ty":"gr","it":[{"ind":0,"ty":"sh","ix":1,"ks":{"a":0,"k":{"i":[[0,0],[-1.361,0.919],[0,0],[0,0],[-1.518,2.346],[4.149,0.86],[0.002,0],[0,0],[0,0],[-3.386,-1.605],[-2.115,0.105]],"o":[[2.11,-0.106],[0,0],[0,0],[4.146,0.855],[1.52,-2.349],[-0.002,0],[0,0],[0,0],[-2.833,1.918],[1.626,0.773],[0,0]],"v":[[-68.438,23.894],[-63.016,22.293],[-10.469,-13.217],[66.407,2.654],[76.656,-0.044],[71.896,-5.855],[71.891,-5.856],[-15.517,-23.912],[-75.283,16.472],[-74.283,22.851],[-68.439,23.895]],"c":true},"ix":2},"nm":"Path 1","mn":"ADBE Vector Shape - Group","hd":false},{"ty":"fl","c":{"a":0,"k":[0.784313738346,0.976470589638,0.498039215803,1],"ix":4},"o":{"a":0,"k":100,"ix":5},"r":1,"bm":0,"nm":"Fill 1","mn":"ADBE Vector Graphic - Fill","hd":false},{"ty":"tr","p":{"a":0,"k":[439.268,426.031],"ix":2},"a":{"a":0,"k":[0,0],"ix":1},"s":{"a":0,"k":[100,100],"ix":3},"r":{"a":0,"k":0,"ix":6},"o":{"a":0,"k":100,"ix":7},"sk":{"a":0,"k":0,"ix":4},"sa":{"a":0,"k":0,"ix":5},"nm":"Transform"}],"nm":"Group 6","np":2,"cix":2,"bm":0,"ix":6,"mn":"ADBE Vector Group","hd":false},{"ty":"gr","it":[{"ind":0,"ty":"sh","ix":1,"ks":{"a":0,"k":{"i":[[0,0],[1.142,2.417],[0.002,0.003],[0,0],[4.267,-0.647],[-1.143,-2.416],[0,0],[-4.267,0.647]],"o":[[4.268,-0.646],[-0.002,-0.003],[0,0],[-1.144,-2.416],[-4.267,0.648],[0,0],[1.144,2.416],[0,0]],"v":[[31.81,67.22],[37.471,61.674],[37.467,61.664],[-22.017,-64.018],[-31.814,-67.22],[-37.471,-61.673],[22.013,64.018],[31.81,67.22]],"c":true},"ix":2},"nm":"Path 1","mn":"ADBE Vector Shape - Group","hd":false},{"ty":"fl","c":{"a":0,"k":[0.784313738346,0.976470589638,0.498039215803,1],"ix":4},"o":{"a":0,"k":100,"ix":5},"r":1,"bm":0,"nm":"Fill 1","mn":"ADBE Vector Graphic - Fill","hd":false},{"ty":"tr","p":{"a":0,"k":[433.66,423.072],"ix":2},"a":{"a":0,"k":[0,0],"ix":1},"s":{"a":0,"k":[100,100],"ix":3},"r":{"a":0,"k":0,"ix":6},"o":{"a":0,"k":100,"ix":7},"sk":{"a":0,"k":0,"ix":4},"sa":{"a":0,"k":0,"ix":5},"nm":"Transform"}],"nm":"Group 7","np":2,"cix":2,"bm":0,"ix":7,"mn":"ADBE Vector Group","hd":false},{"ty":"gr","it":[{"ind":0,"ty":"sh","ix":1,"ks":{"a":0,"k":{"i":[[0,0],[-7.946,1.205],[11.37,24.022],[2.077,2.464],[-5.121,2.091],[-0.006,11.959],[18.412,7.532],[0.266,0.879],[-1.973,1.55],[13.5,13.312],[0.005,0.003],[32.379,-0.588],[6.774,8.118],[0,0],[15.705,-2.382],[-1.337,-9.179],[0,0],[15.214,-4.612],[-0.012,-16.95],[0,-0.003],[-27.419,-6.967],[-0.543,-0.832],[1.406,-1.772],[-10.52,-10.367],[0,-0.003],[-22.6,-1.3],[-0.509,-3.667],[-1.29,-2.726],[-30.722,-2.447],[-2.607,-0.061]],"o":[[7.821,0.183],[42.378,-6.429],[-1.29,-2.726],[-2.799,-3.32],[18.423,-7.523],[-0.01,-11.964],[-2.781,-1.138],[-0.266,-0.879],[17.55,-13.788],[-0.005,-0.003],[-14.958,-14.682],[-17.25,0.313],[0,0],[-6.949,-8.327],[-15.705,2.383],[0,0],[1.303,8.948],[-28.56,8.658],[0,0.003],[0.063,15.367],[3.08,0.783],[0.543,0.832],[-9.306,11.726],[0,0.003],[10.566,10.355],[6.282,0.361],[0.377,2.722],[8.526,18.017],[2.56,0.204],[0,0]],"v":[[40.906,119.174],[64.672,117.679],[120.922,62.416],[115.843,54.622],[119.093,46.961],[148.969,16.423],[119.093,-14.124],[115.109,-17.149],[117.078,-20.644],[125.422,-64.673],[125.406,-64.681],[45.703,-83.869],[1.547,-96.944],[-7.891,-108.259],[-47.125,-118.565],[-72.015,-98.528],[-70.203,-86.054],[-96.89,-62.24],[-148.969,-23.058],[-148.969,-23.05],[-102.781,12.743],[-98,15.203],[-98.781,18.945],[-97.75,53.844],[-97.75,53.853],[-44.906,71.838],[-35.328,77.553],[-32.843,85.745],[33.157,118.778],[40.907,119.176]],"c":true},"ix":2},"nm":"Path 1","mn":"ADBE Vector Shape - Group","hd":false},{"ty":"fl","c":{"a":0,"k":[0.568627476692,0.956862747669,0,1],"ix":4},"o":{"a":0,"k":100,"ix":5},"r":1,"bm":0,"nm":"Fill 1","mn":"ADBE Vector Graphic - Fill","hd":false},{"ty":"tr","p":{"a":0,"k":[417.5,407.911],"ix":2},"a":{"a":0,"k":[0,0],"ix":1},"s":{"a":0,"k":[100,100],"ix":3},"r":{"a":0,"k":0,"ix":6},"o":{"a":0,"k":100,"ix":7},"sk":{"a":0,"k":0,"ix":4},"sa":{"a":0,"k":0,"ix":5},"nm":"Transform"}],"nm":"Group 8","np":2,"cix":2,"bm":0,"ix":8,"mn":"ADBE Vector Group","hd":false},{"ty":"gr","it":[{"ind":0,"ty":"sh","ix":1,"ks":{"a":0,"k":{"i":[[0,0],[0,0],[0,0]],"o":[[0,0],[0,0],[0,0]],"v":[[69.143,-2.006],[-12.993,-18.973],[-69.143,18.973]],"c":false},"ix":2},"nm":"Path 1","mn":"ADBE Vector Shape - Group","hd":false},{"ty":"tr","p":{"a":0,"k":[409.575,363.681],"ix":2},"a":{"a":0,"k":[0,0],"ix":1},"s":{"a":0,"k":[100,100],"ix":3},"r":{"a":0,"k":0,"ix":6},"o":{"a":0,"k":100,"ix":7},"sk":{"a":0,"k":0,"ix":4},"sa":{"a":0,"k":0,"ix":5},"nm":"Transform"}],"nm":"Group 9","np":1,"cix":2,"bm":0,"ix":9,"mn":"ADBE Vector Group","hd":false}],"ip":16,"op":82,"st":16,"bm":0},{"ddd":0,"ind":8,"ty":4,"nm":"Capa 1","parent":9,"sr":1,"ks":{"o":{"a":1,"k":[{"i":{"x":[0.667],"y":[1]},"o":{"x":[0.333],"y":[0]},"t":9,"s":[0]},{"t":16,"s":[100]}],"ix":11},"r":{"a":0,"k":0,"ix":10},"p":{"a":1,"k":[{"i":{"x":0.667,"y":1},"o":{"x":0.333,"y":0},"t":9,"s":[4.831,-463.573,0],"to":[0,95.633,0],"ti":[0,-95.633,0]},{"t":25,"s":[4.831,110.223,0]}],"ix":2},"a":{"a":0,"k":[329.831,435.223,0],"ix":1},"s":{"a":0,"k":[100,100,100],"ix":6}},"ao":0,"shapes":[{"ty":"gr","it":[{"ind":0,"ty":"sh","ix":1,"ks":{"a":0,"k":{"i":[[-84.734,48.921],[73.381,42.366],[84.734,-48.921],[-73.382,-42.367]],"o":[[84.734,-48.921],[-73.382,-42.367],[-84.734,48.921],[73.382,42.367]],"v":[[132.869,76.712],[153.424,-88.579],[-132.869,-76.712],[-153.424,88.579]],"c":true},"ix":2},"nm":"Path 1","mn":"ADBE Vector Shape - Group","hd":false},{"ty":"fl","c":{"a":0,"k":[0.749019607843,0.43695343616,0.176239911248,1],"ix":4},"o":{"a":0,"k":100,"ix":5},"r":1,"bm":0,"nm":"Fill 1","mn":"ADBE Vector Graphic - Fill","hd":false},{"ty":"tr","p":{"a":0,"k":[329.831,395.332],"ix":2},"a":{"a":0,"k":[0,0],"ix":1},"s":{"a":0,"k":[100,100],"ix":3},"r":{"a":0,"k":0,"ix":6},"o":{"a":0,"k":100,"ix":7},"sk":{"a":0,"k":0,"ix":4},"sa":{"a":0,"k":0,"ix":5},"nm":"Transform"}],"nm":"Group 1","np":2,"cix":2,"bm":0,"ix":1,"mn":"ADBE Vector Group","hd":false},{"ty":"gr","it":[{"ind":0,"ty":"sh","ix":1,"ks":{"a":0,"k":{"i":[[0,0],[0,0],[0,0],[0,0],[-33.295,-19.223],[-84.734,48.921],[0.013,32.492],[0,0]],"o":[[0,0],[0,0],[0,0],[-0.048,26.95],[73.382,42.367],[46.358,-26.765],[0,0],[0,0]],"v":[[202.96,-106.874],[-202.96,-73.085],[-202.96,6.364],[-202.906,6.359],[-153.423,78.272],[132.87,66.405],[202.907,-27.12],[202.96,-27.125]],"c":true},"ix":2},"nm":"Path 1","mn":"ADBE Vector Shape - Group","hd":false},{"ty":"fl","c":{"a":0,"k":[0.800000011921,0.486274510622,0.227450981736,1],"ix":4},"o":{"a":0,"k":100,"ix":5},"r":1,"bm":0,"nm":"Fill 1","mn":"ADBE Vector Graphic - Fill","hd":false},{"ty":"tr","p":{"a":0,"k":[329.831,485.42],"ix":2},"a":{"a":0,"k":[0,0],"ix":1},"s":{"a":0,"k":[100,100],"ix":3},"r":{"a":0,"k":0,"ix":6},"o":{"a":0,"k":100,"ix":7},"sk":{"a":0,"k":0,"ix":4},"sa":{"a":0,"k":0,"ix":5},"nm":"Transform"}],"nm":"Group 2","np":2,"cix":2,"bm":0,"ix":2,"mn":"ADBE Vector Group","hd":false}],"ip":9,"op":82,"st":9,"bm":0},{"ddd":0,"ind":9,"ty":4,"nm":"Capa 10","sr":1,"ks":{"o":{"a":0,"k":100,"ix":11},"r":{"a":0,"k":0,"ix":10},"p":{"a":1,"k":[{"i":{"x":0.667,"y":1},"o":{"x":0.333,"y":0},"t":68,"s":[336,275,0],"to":[111.833,0,0],"ti":[-111.833,0,0]},{"t":81,"s":[1007,275,0]}],"ix":2},"a":{"a":0,"k":[0,0,0],"ix":1},"s":{"a":0,"k":[100,100,100],"ix":6}},"ao":0,"shapes":[{"ty":"gr","it":[{"ind":0,"ty":"sh","ix":1,"ks":{"a":0,"k":{"i":[[83.332,-0.046],[0,2.443],[-4.94,0],[-0.085,36.323],[-4.94,0],[0,-2.443]],"o":[[-4.94,0],[0,-2.443],[73.456,-0.042],[0,-2.443],[4.94,0],[-0.093,41.207]],"v":[[-9.824,271.646],[-18.768,267.223],[-9.824,262.8],[123.243,197],[132.188,192.577],[141.132,197]],"c":true},"ix":2},"nm":"Path 1","mn":"ADBE Vector Shape - Group","hd":false},{"ty":"fl","c":{"a":0,"k":[0.901960790157,0.933333337307,1,1],"ix":4},"o":{"a":0,"k":100,"ix":5},"r":1,"bm":0,"nm":"Fill 1","mn":"ADBE Vector Graphic - Fill","hd":false},{"ty":"tr","p":{"a":0,"k":[0,0],"ix":2},"a":{"a":0,"k":[0,0],"ix":1},"s":{"a":0,"k":[100,100],"ix":3},"r":{"a":0,"k":0,"ix":6},"o":{"a":0,"k":100,"ix":7},"sk":{"a":0,"k":0,"ix":4},"sa":{"a":0,"k":0,"ix":5},"nm":"Transform"}],"nm":"Group 1","np":2,"cix":2,"bm":0,"ix":1,"mn":"ADBE Vector Group","hd":false},{"ty":"gr","it":[{"ind":0,"ty":"sh","ix":1,"ks":{"a":0,"k":{"i":[[-115.127,0],[0,-56.929],[115.127,0],[0,56.929]],"o":[[115.127,0],[0,56.929],[-115.127,0],[0,-56.929]],"v":[[-9.824,93.921],[198.632,197],[-9.824,300.079],[-218.279,197]],"c":true},"ix":2},"nm":"Path 1","mn":"ADBE Vector Shape - Group","hd":false},{"ty":"fl","c":{"a":0,"k":[0.878431379795,0.905882358551,0.956862747669,1],"ix":4},"o":{"a":0,"k":100,"ix":5},"r":1,"bm":0,"nm":"Fill 1","mn":"ADBE Vector Graphic - Fill","hd":false},{"ty":"tr","p":{"a":0,"k":[0,0],"ix":2},"a":{"a":0,"k":[0,0],"ix":1},"s":{"a":0,"k":[100,100],"ix":3},"r":{"a":0,"k":0,"ix":6},"o":{"a":0,"k":100,"ix":7},"sk":{"a":0,"k":0,"ix":4},"sa":{"a":0,"k":0,"ix":5},"nm":"Transform"}],"nm":"Group 2","np":2,"cix":2,"bm":0,"ix":2,"mn":"ADBE Vector Group","hd":false},{"ty":"gr","it":[{"ind":0,"ty":"sh","ix":1,"ks":{"a":0,"k":{"i":[[-160.043,0],[0,-79.139],[160.043,0],[0,79.139]],"o":[[160.043,0],[0,79.139],[-160.043,0],[0,-79.139]],"v":[[-9.824,53.706],[279.959,197],[-9.824,340.294],[-299.606,197]],"c":true},"ix":2},"nm":"Path 1","mn":"ADBE Vector Shape - Group","hd":false},{"ty":"fl","c":{"a":0,"k":[0.819607853889,0.835294127464,0.882352948189,1],"ix":4},"o":{"a":0,"k":100,"ix":5},"r":1,"bm":0,"nm":"Fill 1","mn":"ADBE Vector Graphic - Fill","hd":false},{"ty":"tr","p":{"a":0,"k":[0,0],"ix":2},"a":{"a":0,"k":[0,0],"ix":1},"s":{"a":0,"k":[100,100],"ix":3},"r":{"a":0,"k":0,"ix":6},"o":{"a":0,"k":100,"ix":7},"sk":{"a":0,"k":0,"ix":4},"sa":{"a":0,"k":0,"ix":5},"nm":"Transform"}],"nm":"Group 3","np":2,"cix":2,"bm":0,"ix":3,"mn":"ADBE Vector Group","hd":false}],"ip":0,"op":82,"st":0,"bm":0},{"ddd":0,"ind":10,"ty":4,"nm":"Capa 11","parent":9,"sr":1,"ks":{"o":{"a":0,"k":100,"ix":11},"r":{"a":0,"k":0,"ix":10},"p":{"a":0,"k":[-669,0,0],"ix":2},"a":{"a":0,"k":[0,0,0],"ix":1},"s":{"a":0,"k":[100,100,100],"ix":6}},"ao":0,"shapes":[{"ty":"gr","it":[{"ind":0,"ty":"sh","ix":1,"ks":{"a":0,"k":{"i":[[83.332,-0.046],[0,2.443],[-4.94,0],[-0.085,36.323],[-4.94,0],[0,-2.443]],"o":[[-4.94,0],[0,-2.443],[73.456,-0.042],[0,-2.443],[4.94,0],[-0.093,41.207]],"v":[[-9.824,271.646],[-18.768,267.223],[-9.824,262.8],[123.243,197],[132.188,192.577],[141.132,197]],"c":true},"ix":2},"nm":"Path 1","mn":"ADBE Vector Shape - Group","hd":false},{"ty":"fl","c":{"a":0,"k":[0.901960790157,0.933333337307,1,1],"ix":4},"o":{"a":0,"k":100,"ix":5},"r":1,"bm":0,"nm":"Fill 1","mn":"ADBE Vector Graphic - Fill","hd":false},{"ty":"tr","p":{"a":0,"k":[0,0],"ix":2},"a":{"a":0,"k":[0,0],"ix":1},"s":{"a":0,"k":[100,100],"ix":3},"r":{"a":0,"k":0,"ix":6},"o":{"a":0,"k":100,"ix":7},"sk":{"a":0,"k":0,"ix":4},"sa":{"a":0,"k":0,"ix":5},"nm":"Transform"}],"nm":"Group 1","np":2,"cix":2,"bm":0,"ix":1,"mn":"ADBE Vector Group","hd":false},{"ty":"gr","it":[{"ind":0,"ty":"sh","ix":1,"ks":{"a":0,"k":{"i":[[-115.127,0],[0,-56.929],[115.127,0],[0,56.929]],"o":[[115.127,0],[0,56.929],[-115.127,0],[0,-56.929]],"v":[[-9.824,93.921],[198.632,197],[-9.824,300.079],[-218.279,197]],"c":true},"ix":2},"nm":"Path 1","mn":"ADBE Vector Shape - Group","hd":false},{"ty":"fl","c":{"a":0,"k":[0.878431379795,0.905882358551,0.956862747669,1],"ix":4},"o":{"a":0,"k":100,"ix":5},"r":1,"bm":0,"nm":"Fill 1","mn":"ADBE Vector Graphic - Fill","hd":false},{"ty":"tr","p":{"a":0,"k":[0,0],"ix":2},"a":{"a":0,"k":[0,0],"ix":1},"s":{"a":0,"k":[100,100],"ix":3},"r":{"a":0,"k":0,"ix":6},"o":{"a":0,"k":100,"ix":7},"sk":{"a":0,"k":0,"ix":4},"sa":{"a":0,"k":0,"ix":5},"nm":"Transform"}],"nm":"Group 2","np":2,"cix":2,"bm":0,"ix":2,"mn":"ADBE Vector Group","hd":false},{"ty":"gr","it":[{"ind":0,"ty":"sh","ix":1,"ks":{"a":0,"k":{"i":[[-160.043,0],[0,-79.139],[160.043,0],[0,79.139]],"o":[[160.043,0],[0,79.139],[-160.043,0],[0,-79.139]],"v":[[-9.824,53.706],[279.959,197],[-9.824,340.294],[-299.606,197]],"c":true},"ix":2},"nm":"Path 1","mn":"ADBE Vector Shape - Group","hd":false},{"ty":"fl","c":{"a":0,"k":[0.819607853889,0.835294127464,0.882352948189,1],"ix":4},"o":{"a":0,"k":100,"ix":5},"r":1,"bm":0,"nm":"Fill 1","mn":"ADBE Vector Graphic - Fill","hd":false},{"ty":"tr","p":{"a":0,"k":[0,0],"ix":2},"a":{"a":0,"k":[0,0],"ix":1},"s":{"a":0,"k":[100,100],"ix":3},"r":{"a":0,"k":0,"ix":6},"o":{"a":0,"k":100,"ix":7},"sk":{"a":0,"k":0,"ix":4},"sa":{"a":0,"k":0,"ix":5},"nm":"Transform"}],"nm":"Group 3","np":2,"cix":2,"bm":0,"ix":3,"mn":"ADBE Vector Group","hd":false}],"ip":0,"op":82,"st":0,"bm":0}],"markers":[]}